{
    "DisparateImpact": 1.350415512465374,
    "StatisticalParityDifference": 0.08535762483130907,
    "EqualOpportunityDifference": 0.038961038961038974,
    "AverageOddsDifference": 0.03355640687342035,
    "TheilIndex": 0.2307990538031712
}