metric,mean,std
ROC AUC,0.8444449058693244,0.015957587349010316
F1 Score,0.6584043603030946,0.020948452809247127
