metric,mean,std
ROC AUC,0.8439521040974529,0.012156553295865052
F1 Score,0.6635350184662026,0.029763868179828963
