Model,Metric,Mean,Std
RandomForest,ROC AUC,0.8221179401993357,0.022722738390865013
RandomForest,F1 Score,0.636569377826804,0.019906750504713095
