accuracy,precision,recall,f1_score,roc_auc
0.6883116883116883,0.5652173913043478,0.48148148148148145,0.52,0.8005555555555556
