accuracy,precision,recall,f1_score,roc_auc
0.7142857142857143,0.6136363636363636,0.5,0.5510204081632653,0.8140740740740741
